{
  "model": "gpt2",
  "params": 124439808,
  "layer": 9,
  "n_layer": 12,
  "d_model": 768,
  "seq_len": 24,
  "n_train": 1190,
  "n_val": 210,
  "m": 2048,
  "k": 32,
  "steps": 250,
  "device": "cpu",
  "sae": {
    "delta": 0.11356503516435623,
    "leak_swap": 0.13187846541404724,
    "recon_unexplained": 0.37477775178576106,
    "loss_full": 5.443046339204839,
    "loss_legible": 5.417922878857725,
    "loss_ablated": 5.451128783926954,
    "loss_recovered": 4.108398660416641
  },
  "candor": {
    "delta": 0.12992146611213684,
    "leak_swap": 0.15970270335674286,
    "recon_unexplained": 0.4859247068316867,
    "loss_full": 5.443046339204839,
    "loss_legible": 5.4175399495948175,
    "loss_ablated": 5.451128783926954,
    "loss_recovered": 4.155776561048594
  },
  "elapsed_sec": 896.6
}