{
  "layer": 9,
  "seq_len": 24,
  "n_seq": 1400,
  "m": 2048,
  "k": 32,
  "steps": 500,
  "batch": 12,
  "lr_tc": 0.002,
  "lr_mlp": 0.0001,
  "recon_w": 1.0,
  "seeds": [
    0,
    1,
    2
  ],
  "weightings": [
    0.3,
    1.0,
    3.0
  ],
  "n_train": 1190,
  "n_val": 210,
  "device": "cuda",
  "orig_loss_full": 5.443051254872703,
  "runs": {
    "0": {
      "ft_sae": {
        "delta": 0.12772208452224731,
        "leak_swap": 0.14844109117984772,
        "recon_unexplained": 0.04628199072202676,
        "loss_full": 4.193645469396998,
        "loss_legible": 4.286570900863742,
        "loss_ablated": 5.451133029850867,
        "train_sec": 24.0
      },
      "ft_candor": {
        "0.3": {
          "delta": 0.1599547415971756,
          "leak_swap": 0.17069631814956665,
          "recon_unexplained": 0.06194523684203674,
          "loss_full": 4.200312467144636,
          "loss_legible": 4.38545520853552,
          "loss_ablated": 5.451133029850867,
          "train_sec": 66.5
        },
        "1.0": {
          "delta": 0.14705942571163177,
          "leak_swap": 0.17255091667175293,
          "recon_unexplained": 0.07789953925200577,
          "loss_full": 4.225688888518213,
          "loss_legible": 4.403053362670645,
          "loss_ablated": 5.451133029850867,
          "train_sec": 65.9
        },
        "3.0": {
          "delta": 0.13741707801818848,
          "leak_swap": 0.1649138629436493,
          "recon_unexplained": 0.10676608306795371,
          "loss_full": 4.313658416937597,
          "loss_legible": 4.460144674802666,
          "loss_ablated": 5.451133029850867,
          "train_sec": 80.0
        }
      }
    },
    "1": {
      "ft_sae": {
        "delta": 0.1275503784418106,
        "leak_swap": 0.1479429006576538,
        "recon_unexplained": 0.046068236667988836,
        "loss_full": 4.188426875080875,
        "loss_legible": 4.279711117951766,
        "loss_ablated": 5.451133029850867,
        "train_sec": 24.2
      },
      "ft_candor": {
        "0.3": {
          "delta": 0.17580381035804749,
          "leak_swap": 0.17638319730758667,
          "recon_unexplained": 0.0670745370007879,
          "loss_full": 4.195484017634738,
          "loss_legible": 4.4416341777667245,
          "loss_ablated": 5.451133029850867,
          "train_sec": 66.3
        },
        "1.0": {
          "delta": 0.17315331101417542,
          "leak_swap": 0.16532939672470093,
          "recon_unexplained": 0.08587553483116767,
          "loss_full": 4.221001047327898,
          "loss_legible": 4.44819950080066,
          "loss_ablated": 5.451133029850867,
          "train_sec": 65.5
        },
        "3.0": {
          "delta": 0.15139377117156982,
          "leak_swap": 0.15989553928375244,
          "recon_unexplained": 0.1154742535969854,
          "loss_full": 4.311401721014493,
          "loss_legible": 4.493834109730849,
          "loss_ablated": 5.451133029850867,
          "train_sec": 80.8
        }
      }
    },
    "2": {
      "ft_sae": {
        "delta": 0.1296464055776596,
        "leak_swap": 0.14923095703125,
        "recon_unexplained": 0.0464114861693812,
        "loss_full": 4.184816828820523,
        "loss_legible": 4.287588241924657,
        "loss_ablated": 5.451133029850867,
        "train_sec": 24.1
      },
      "ft_candor": {
        "0.3": {
          "delta": 0.16052769124507904,
          "leak_swap": 0.17096960544586182,
          "recon_unexplained": 0.06406887108279137,
          "loss_full": 4.192853617223894,
          "loss_legible": 4.384017735830746,
          "loss_ablated": 5.451133029850867,
          "train_sec": 66.3
        },
        "1.0": {
          "delta": 0.1624518185853958,
          "leak_swap": 0.17370474338531494,
          "recon_unexplained": 0.08292288355896565,
          "loss_full": 4.219545756906703,
          "loss_legible": 4.4276327002862965,
          "loss_ablated": 5.451133029850867,
          "train_sec": 65.4
        },
        "3.0": {
          "delta": 0.13977305591106415,
          "leak_swap": 0.16322873532772064,
          "recon_unexplained": 0.102593290422113,
          "loss_full": 4.314253275932486,
          "loss_legible": 4.458592145141854,
          "loss_ablated": 5.451133029850867,
          "train_sec": 80.2
        }
      }
    }
  },
  "summary": {
    "ft_sae": {
      "delta": {
        "mean": 0.12830628951390585,
        "std": 0.0011637456950566545
      },
      "leak_swap": {
        "mean": 0.14853831628958383,
        "std": 0.0006495089274697031
      },
      "recon_unexplained": {
        "mean": 0.04625390451979893,
        "std": 0.00017333978515682178
      },
      "loss_full": {
        "mean": 4.188963057766132,
        "std": 0.00443867576098112
      },
      "loss_legible": {
        "mean": 4.284623420246722,
        "std": 0.004284481425601377
      }
    },
    "ft_candor": {
      "0.3": {
        "delta": {
          "mean": 0.16542874773343405,
          "std": 0.008989633539430084
        },
        "leak_swap": {
          "mean": 0.17268304030100504,
          "std": 0.003207342029094402
        },
        "recon_unexplained": {
          "mean": 0.064362881641872,
          "std": 0.0025772585602301047
        },
        "loss_full": {
          "mean": 4.1962167006677555,
          "std": 0.0037830184846487755
        },
        "loss_legible": {
          "mean": 4.40370237404433,
          "std": 0.03285776745565558
        }
      },
      "1.0": {
        "delta": {
          "mean": 0.16088818510373434,
          "std": 0.013117028047324796
        },
        "leak_swap": {
          "mean": 0.1705283522605896,
          "std": 0.004539238154067589
        },
        "recon_unexplained": {
          "mean": 0.0822326525473797,
          "std": 0.004032547644692963
        },
        "loss_full": {
          "mean": 4.222078564250938,
          "std": 0.0032101866828364843
        },
        "loss_legible": {
          "mean": 4.426295187919201,
          "std": 0.022602768669185126
        }
      },
      "3.0": {
        "delta": {
          "mean": 0.14286130170027414,
          "std": 0.0074826422082626826
        },
        "leak_swap": {
          "mean": 0.1626793791850408,
          "std": 0.002553867110382839
        },
        "recon_unexplained": {
          "mean": 0.10827787569568403,
          "std": 0.006572209734179941
        },
        "loss_full": {
          "mean": 4.313104471294859,
          "std": 0.0015043215061662182
        },
        "loss_legible": {
          "mean": 4.470856976558456,
          "std": 0.019913916583719066
        }
      }
    }
  },
  "elapsed_sec": 709.2
}