{
  "config": {
    "seq_len": 128,
    "d_model": 256,
    "n_heads": 4,
    "d_mlp": 1024,
    "n_layers": 4,
    "m": 1024,
    "k": 32,
    "steps": 4000,
    "batch": 32,
    "lr": 0.0003,
    "weights": {
      "legible_task": 0.5,
      "faith": 1.0,
      "leak": 0.3,
      "causal": 0.3,
      "anchor": 0.01,
      "sparse": 0.001
    },
    "recon_only_leak_weight": 0.3,
    "sae_fit": {
      "steps": 4000,
      "lr": 0.001,
      "batch": 1024
    },
    "val_frac": 0.1,
    "corpus_seed": 0,
    "corpus": "tinyshakespeare",
    "tokeniser": "gpt2",
    "optimiser": "adam",
    "precision": "fp32"
  },
  "seeds": [
    0,
    1
  ],
  "n_train": 2376,
  "n_val": 264,
  "vocab": 50257,
  "device": "cuda",
  "runs": {
    "0": {
      "opaque": {
        "loss_full": 9.606785221960003,
        "train_sec": 554.0,
        "sae_fit_sec": 79.7,
        "sae_final": {
          "delta": 0.3667823374271393,
          "delta_p95": 0.8061710596084595,
          "leak_swap": 0.48515498638153076,
          "agreement": 0.5913233901515151,
          "loss_full": 9.606785221960003,
          "loss_legible": 9.06723956702234,
          "recon_unexplained_per_site": [
            0.15711406487385507,
            0.20929020455194428,
            0.2656697453820883,
            0.26622607488764205
          ],
          "recon_unexplained": 0.22457502242388241,
          "ablated_sites": [
            3
          ]
        },
        "sae_all": {
          "delta": 0.6567944884300232,
          "delta_p95": 0.9963585734367371,
          "leak_swap": 0.7599245309829712,
          "agreement": 0.3114938446969697,
          "loss_full": 9.606785221960003,
          "loss_legible": 8.739998622886095,
          "recon_unexplained_per_site": [
            0.15711406487385507,
            0.20929020455194428,
            0.2656697453820883,
            0.26622607488764205
          ],
          "recon_unexplained": 0.22457502242388241,
          "ablated_sites": "all"
        }
      },
      "recon": {
        "delta": 0.6410319805145264,
        "delta_p95": 0.992687463760376,
        "leak_swap": 0.7437732815742493,
        "agreement": 0.32457386363636365,
        "loss_full": 9.238418174967565,
        "loss_legible": 8.288871370104838,
        "recon_unexplained_per_site": [
          0.10792906818726904,
          0.08641952843357915,
          0.06637309561825729,
          0.06262768880490217
        ],
        "recon_unexplained": 0.0808373452610019,
        "ablated_sites": "all",
        "final_site": {
          "delta": 0.38077256083488464,
          "leak_swap": 0.5012699365615845,
          "loss_legible": 8.62108495371406
        },
        "train_sec": 718.5
      },
      "candor": {
        "delta": 0.46323928236961365,
        "delta_p95": 0.904296338558197,
        "leak_swap": 0.5729861259460449,
        "agreement": 0.48286576704545453,
        "loss_full": 8.587240981418516,
        "loss_legible": 8.074913656589269,
        "recon_unexplained_per_site": [
          0.290777201419542,
          0.1514191078785105,
          0.1452561838313904,
          0.14625525044883092
        ],
        "recon_unexplained": 0.18342693589456846,
        "ablated_sites": "all",
        "final_site": {
          "delta": 0.24724385142326355,
          "leak_swap": 0.32459044456481934,
          "loss_legible": 8.324040406758902
        },
        "train_sec": 2492.6
      }
    },
    "1": {
      "opaque": {
        "loss_full": 9.593020723816661,
        "train_sec": 550.5,
        "sae_fit_sec": 77.0,
        "sae_final": {
          "delta": 0.36674973368644714,
          "delta_p95": 0.799058735370636,
          "leak_swap": 0.4836433231830597,
          "agreement": 0.5907315340909091,
          "loss_full": 9.593020723816661,
          "loss_legible": 9.05741953320732,
          "recon_unexplained_per_site": [
            0.15876508562310446,
            0.216506444392424,
            0.2727768511855507,
            0.2729100947377677
          ],
          "recon_unexplained": 0.23023961898471168,
          "ablated_sites": [
            3
          ]
        },
        "sae_all": {
          "delta": 0.6579588651657104,
          "delta_p95": 0.9962140917778015,
          "leak_swap": 0.7622049450874329,
          "agreement": 0.3095999053030303,
          "loss_full": 9.593020723816661,
          "loss_legible": 8.697688079739322,
          "recon_unexplained_per_site": [
            0.15876508562310446,
            0.216506444392424,
            0.2727768511855507,
            0.2729100947377677
          ],
          "recon_unexplained": 0.23023961898471168,
          "ablated_sites": "all"
        }
      },
      "recon": {
        "delta": 0.649820864200592,
        "delta_p95": 0.9910284876823425,
        "leak_swap": 0.7520133256912231,
        "agreement": 0.30720288825757575,
        "loss_full": 9.09821577534076,
        "loss_legible": 8.212920887718846,
        "recon_unexplained_per_site": [
          0.11405466169640321,
          0.08355823077680354,
          0.0686606258894681,
          0.06826244925586038
        ],
        "recon_unexplained": 0.0836339919046338,
        "ablated_sites": "all",
        "final_site": {
          "delta": 0.4006099998950958,
          "leak_swap": 0.5217474699020386,
          "loss_legible": 8.455389577601185
        },
        "train_sec": 718.1
      },
      "candor": {
        "delta": 0.47017326951026917,
        "delta_p95": 0.9106109738349915,
        "leak_swap": 0.5844411849975586,
        "agreement": 0.47685842803030304,
        "loss_full": 8.469571578932161,
        "loss_legible": 7.920469982645103,
        "recon_unexplained_per_site": [
          0.3429827896234372,
          0.14402097050799095,
          0.13645288753786558,
          0.15200614801455725
        ],
        "recon_unexplained": 0.19386569892096275,
        "ablated_sites": "all",
        "final_site": {
          "delta": 0.2558426558971405,
          "leak_swap": 0.33684366941452026,
          "loss_legible": 8.206097270844518
        },
        "train_sec": 2483.6
      }
    }
  },
  "summary": {
    "recon": {
      "delta": {
        "mean": 0.6454264223575592,
        "std": 0.006214679253476857
      },
      "delta_p95": {
        "mean": 0.9918579757213593,
        "std": 0.0011730732346037136
      },
      "leak_swap": {
        "mean": 0.7478933036327362,
        "std": 0.005826591072388546
      },
      "agreement": {
        "mean": 0.3158883759469697,
        "std": 0.01228313448616548
      },
      "loss_full": {
        "mean": 9.168316975154163,
        "std": 0.09913806751474004
      },
      "loss_legible": {
        "mean": 8.250896128911842,
        "std": 0.05370510112952391
      },
      "recon_unexplained": {
        "mean": 0.08223566858281786,
        "std": 0.0019775278062947126
      }
    },
    "candor": {
      "delta": {
        "mean": 0.4667062759399414,
        "std": 0.004903069327817836
      },
      "delta_p95": {
        "mean": 0.9074536561965942,
        "std": 0.004465121424941136
      },
      "leak_swap": {
        "mean": 0.5787136554718018,
        "std": 0.008099949934217658
      },
      "agreement": {
        "mean": 0.4798620975378788,
        "std": 0.004247830154500136
      },
      "loss_full": {
        "mean": 8.52840628017534,
        "std": 0.08320483243627061
      },
      "loss_legible": {
        "mean": 7.997691819617186,
        "std": 0.10920816915728382
      },
      "recon_unexplained": {
        "mean": 0.1886463174077656,
        "std": 0.007381320123162812
      }
    },
    "sae_final": {
      "delta": {
        "mean": 0.3667660355567932,
        "std": 2.3054326135459035e-05
      },
      "delta_p95": {
        "mean": 0.8026148974895477,
        "std": 0.00502917269856243
      },
      "leak_swap": {
        "mean": 0.4843991547822952,
        "std": 0.001068907298509039
      },